"name","price","date"
"倍晶 苹果笔记本电脑键盘膜macbook12 air11 Pro13 15寸mac保护膜","18.90","2015-11-30"
"曼秀雷敦薄荷膏85g复方薄荷脑软膏 晒伤烫伤膏 蚊虫叮咬止痒消肿","36.45","2015-11-24"
"现货 韩国Pony memebox 超值限量版眼影盘 8色 大地色修容高光","156.00","2015-11-21"
"Real Techniques化妆刷 套装 5件套 眼影刷 眼线刷 修容刷 现货","92.00","2015-11-21"
"橘子郡2015冬装新款欧美复古简洁高腰过膝中长款毛呢半身裙A字裙","114.00","2015-11-11"
"现货Serge Lutens芦丹氏L'Orpheline孤女2ml孤儿怨EDP香水分装","66.00","2015-11-07"
"iphone6s手机壳5s苹果全包硅胶软壳6plus超薄喵星人硬壳原创意4s","21.56","2015-11-02"
"现货 韩国代购 Aritaum爱茉莉 10月新款限量12色眼影盘/唇颊彩盘","125.10","2015-10-29"
"【9期免息】Audio Technica/铁三角 ATH-M50x头戴式监听音乐耳机","1115.66","2015-10-04"
"带防伪码 日本COSME赏 Nursery肌肤舒缓卸妆啫喱 限定柚子味180ml","113.10","2015-10-04"
"韩国正品代购stylenanda正品3CE 7件化妆套刷/化妆刷套盒/铁盒刷","332.60","2015-10-04"
"在途！美国代购e.l.f./elf eyeshadow primer矿物眼部遮瑕打底膏","37.20","2015-10-04"
"突破插头 tz-31 万用转接头多功能转接香港美国英国欧洲大陆使用","22.00","2015-10-04"
"one2free香港电话卡香港手机卡 7天无限量3G上网卡+127分钟通话","126.00","2015-09-27"
"【天猫焕新】freeplus芙丽芳丝净润洗面霜特供60g*2支套装","99.00","2015-08-25"
"【已疯抢10000套】优芬旅行收纳袋6件套 出差收纳包","27.80","2015-08-20"
"iphone6手机壳iphone5s壳苹果6plus超薄清凉柠檬硬壳套原创意潮4s","20.00","2015-08-20"
"风暴天气预报瓶子摆件七夕情人节礼物送女友创意生日礼品男生实用","84.07","2015-08-20"
"风暴天气预报瓶子摆件七夕情人节礼物送女友创意生日礼品男生实用","105.00","2015-08-20"
"德国happyrain太阳伞超强防晒防紫外线小黑伞创意三折折叠晴雨伞","157.00","2015-08-20"
"夏装新款民族风女装半身裙大摆裙复古印花双层拼接不规则长裙棉麻","99.00","2015-06-28"
"iphone6手机壳苹果6plus外壳iphone5s保护套超薄文艺花韩国4.75.5","28.00","2015-06-28"
"彩银925纯银 设计师梵高的向日葵纯银项链雏菊太阳花银项链套链","67.00","2015-06-28"
"正品OPI 滋润护手无伤害洗甲水30ML 原装 洗甲不发白 卸甲水美甲","120.90","2015-06-04"
"日本樱花 吉祥明矾50g 特级明矾 矾粉 国画矿物颜料绘画胶矾水用","20.00","2015-05-01"
"碳素线 日本原丝鱼线渔线防咬线路亚专业碳素线海钓子线特价包邮","52.50","2015-05-01"
"进口AAA级巴尔沙木 轻木木条木方 圆柱圆木棒航模材料建筑沙盘1米","70.00","2015-05-01"
"加大六钢圈撑裙新娘结婚婚纱三件套 婚纱礼服配饰裙撑衬裙包邮","38.00","2015-04-29"
"【姜思序堂】10克袋装特级明矾（国画矿物颜料、文房四宝）","9.00","2015-04-22"
"挪威进口冰鲜三文鱼中段500g 三文鱼刺身生鱼片 送芥末酱油包邮","81.85","2015-03-21"
"【春上新】现货！英文原版 S. 精装J.Abrams亚伯拉罕道格道斯特 希修斯之船","175.00","2015-03-08"
"3769695|【正版】从素描到水彩的完美进阶","32.64","2015-02-21"
