"name","price","date","latitude","longitude","city"
"倍晶 苹果笔记本电脑键盘膜macbook12 air11 Pro13 15寸mac保护膜","18.90","2015-11-30","31.8597515","117.2726983","合肥市"
"曼秀雷敦薄荷膏85g复方薄荷脑软膏 晒伤烫伤膏 蚊虫叮咬止痒消肿","36.45","2015-11-24","23.1229013","113.2529963","广州市"
"现货 韩国Pony memebox 超值限量版眼影盘 8色 大地色修容高光","156.00","2015-11-21","31.22534","121.4888705","上海市"
"Real Techniques化妆刷 套装 5件套 眼影刷 眼线刷 修容刷 现货","92.00","2015-11-21","33.5896837","119.0212439","淮安市"
"橘子郡2015冬装新款欧美复古简洁高腰过膝中长款毛呢半身裙A字裙","114.00","2015-11-11","30.2665645","120.1493348","杭州"
"现货Serge Lutens芦丹氏L'Orpheline孤女2ml孤儿怨EDP香水分装","66.00","2015-11-07","31.22534","121.4888705","上海市"
"iphone6s手机壳5s苹果全包硅胶软壳6plus超薄喵星人硬壳原创意4s","21.56","2015-11-02","22.5462321","114.0570068","深圳市"
"现货 韩国代购 Aritaum爱茉莉 10月新款限量12色眼影盘/唇颊彩盘","125.10","2015-10-29","31.22534","121.4888705","上海市"
"【9期免息】Audio Technica/铁三角 ATH-M50x头戴式监听音乐耳机","1115.66","2015-10-04","23.0226358","112.9630218","佛山市"
"带防伪码 日本COSME赏 Nursery肌肤舒缓卸妆啫喱 限定柚子味180ml","113.10","2015-10-04","31.22534","121.4888705","上海市"
"韩国正品代购stylenanda正品3CE 7件化妆套刷/化妆刷套盒/铁盒刷","332.60","2015-10-04","34.0316195","113.8237291","许昌市"
"在途！美国代购e.l.f./elf eyeshadow primer矿物眼部遮瑕打底膏","37.20","2015-10-04","31.22534","121.4888705","上海市"
"突破插头 tz-31 万用转接头多功能转接香港美国英国欧洲大陆使用","22.00","2015-10-04","39.9064705","116.3911947","北京市"
"one2free香港电话卡香港手机卡 7天无限量3G上网卡+127分钟通话","126.00","2015-09-27","31.22534","121.4888705","上海市"
"【天猫焕新】freeplus芙丽芳丝净润洗面霜特供60g*2支套装","99.00","2015-08-25","31.22534","121.4888705","上海市"
